INSERT INTO graphs (id, name, type, created_at, updated_at) VALUES
('d2000000-0000-0000-0000-000000000001', 'Les Langues Africaines et leurs Familles', 'LANGUAGE_MAP', CURRENT_TIMESTAMP, CURRENT_TIMESTAMP);

INSERT INTO nodes (id, graph_id, label, type) VALUES
('d2000000-0001-0000-0000-000000000001', 'd2000000-0000-0000-0000-000000000001', 'Niger-Congo', 'LANGUAGE_FAMILY'),
('d2000000-0001-0000-0000-000000000002', 'd2000000-0000-0000-0000-000000000001', 'Afro-asiatique', 'LANGUAGE_FAMILY'),
('d2000000-0001-0000-0000-000000000003', 'd2000000-0000-0000-0000-000000000001', 'Nilo-saharienne', 'LANGUAGE_FAMILY'),
('d2000000-0001-0000-0000-000000000004', 'd2000000-0000-0000-0000-000000000001', 'Khoisan', 'LANGUAGE_FAMILY'),
('d2000000-0001-0000-0000-000000000005', 'd2000000-0000-0000-0000-000000000001', 'Austronesienne', 'LANGUAGE_FAMILY'),
('d2000000-0001-0000-0000-000000000006', 'd2000000-0000-0000-0000-000000000001', 'Bantou', 'LANGUAGE_SUBFAMILY'),
('d2000000-0001-0000-0000-000000000007', 'd2000000-0000-0000-0000-000000000001', 'Mande', 'LANGUAGE_SUBFAMILY'),
('d2000000-0001-0000-0000-000000000008', 'd2000000-0000-0000-0000-000000000001', 'Kwa', 'LANGUAGE_SUBFAMILY'),
('d2000000-0001-0000-0000-000000000009', 'd2000000-0000-0000-0000-000000000001', 'Atlantique', 'LANGUAGE_SUBFAMILY'),
('d2000000-0001-0000-0000-000000000010', 'd2000000-0000-0000-0000-000000000001', 'Semitique', 'LANGUAGE_SUBFAMILY'),
('d2000000-0001-0000-0000-000000000011', 'd2000000-0000-0000-0000-000000000001', 'Berbere', 'LANGUAGE_SUBFAMILY'),
('d2000000-0001-0000-0000-000000000012', 'd2000000-0000-0000-0000-000000000001', 'Couchitique', 'LANGUAGE_SUBFAMILY'),
('d2000000-0001-0000-0000-000000000013', 'd2000000-0000-0000-0000-000000000001', 'Tchadique', 'LANGUAGE_SUBFAMILY'),
('d2000000-0001-0000-0000-000000000014', 'd2000000-0000-0000-0000-000000000001', 'Lingala', 'LANGUAGE'),
('d2000000-0001-0000-0000-000000000015', 'd2000000-0000-0000-0000-000000000001', 'Swahili', 'LANGUAGE'),
('d2000000-0001-0000-0000-000000000016', 'd2000000-0000-0000-0000-000000000001', 'Zoulou', 'LANGUAGE'),
('d2000000-0001-0000-0000-000000000017', 'd2000000-0000-0000-0000-000000000001', 'Kikongo', 'LANGUAGE'),
('d2000000-0001-0000-0000-000000000018', 'd2000000-0000-0000-0000-000000000001', 'Shona', 'LANGUAGE'),
('d2000000-0001-0000-0000-000000000019', 'd2000000-0000-0000-0000-000000000001', 'Yoruba', 'LANGUAGE'),
('d2000000-0001-0000-0000-000000000020', 'd2000000-0000-0000-0000-000000000001', 'Igbo', 'LANGUAGE'),
('d2000000-0001-0000-0000-000000000021', 'd2000000-0000-0000-0000-000000000001', 'Akan', 'LANGUAGE'),
('d2000000-0001-0000-0000-000000000022', 'd2000000-0000-0000-0000-000000000001', 'Bambara', 'LANGUAGE'),
('d2000000-0001-0000-0000-000000000023', 'd2000000-0000-0000-0000-000000000001', 'Wolof', 'LANGUAGE'),
('d2000000-0001-0000-0000-000000000024', 'd2000000-0000-0000-0000-000000000001', 'Amharique', 'LANGUAGE'),
('d2000000-0001-0000-0000-000000000025', 'd2000000-0000-0000-0000-000000000001', 'Arabe', 'LANGUAGE'),
('d2000000-0001-0000-0000-000000000026', 'd2000000-0000-0000-0000-000000000001', 'Somali', 'LANGUAGE'),
('d2000000-0001-0000-0000-000000000027', 'd2000000-0000-0000-0000-000000000001', 'Haoussa', 'LANGUAGE'),
('d2000000-0001-0000-0000-000000000028', 'd2000000-0000-0000-0000-000000000001', 'Malgache', 'LANGUAGE');

INSERT INTO node_properties (id, node_id, name, value_type, string_value, date_value, ref_node_id) VALUES
('d2000000-0003-0000-0000-000000000001', 'd2000000-0001-0000-0000-000000000001', 'description', 'STRING', 'Plus grande famille linguistique d''Afrique avec plus de 1500 langues. Couvre l''Afrique subsaharienne du Sénégal au Kenya', NULL, NULL),
('d2000000-0003-0000-0000-000000000002', 'd2000000-0001-0000-0000-000000000001', 'nombre_de_langues', 'STRING', 'Plus de 1500 langues', NULL, NULL),
('d2000000-0003-0000-0000-000000000003', 'd2000000-0001-0000-0000-000000000001', 'locuteurs', 'STRING', 'Plus de 700 millions de personnes', NULL, NULL),
('d2000000-0003-0000-0000-000000000004', 'd2000000-0001-0000-0000-000000000002', 'description', 'STRING', 'Famille linguistique couvrant le Nord de l''Afrique, la Corne de l''Afrique et le Moyen-Orient. Comprend l''arabe, l''amharique et le berbère', NULL, NULL),
('d2000000-0003-0000-0000-000000000005', 'd2000000-0001-0000-0000-000000000002', 'nombre_de_langues', 'STRING', 'Plus de 400 langues', NULL, NULL),
('d2000000-0003-0000-0000-000000000006', 'd2000000-0001-0000-0000-000000000002', 'locuteurs', 'STRING', 'Plus de 500 millions de personnes', NULL, NULL),
('d2000000-0003-0000-0000-000000000007', 'd2000000-0001-0000-0000-000000000003', 'description', 'STRING', 'Famille linguistique dispersée du Mali au Soudan et jusqu''en Tanzanie. Comprend les langues des peuples Nilotiques comme le Dinka et le Maasai', NULL, NULL),
('d2000000-0003-0000-0000-000000000008', 'd2000000-0001-0000-0000-000000000003', 'nombre_de_langues', 'STRING', 'Environ 200 langues', NULL, NULL),
('d2000000-0003-0000-0000-000000000009', 'd2000000-0001-0000-0000-000000000004', 'description', 'STRING', 'Famille linguistique des peuples les plus anciens d''Afrique. Caractérisée par l''utilisation de clics comme consonnes. Présente en Afrique australe', NULL, NULL),
('d2000000-0003-0000-0000-000000000010', 'd2000000-0001-0000-0000-000000000004', 'nombre_de_langues', 'STRING', 'Environ 30 langues', NULL, NULL),
('d2000000-0003-0000-0000-000000000011', 'd2000000-0001-0000-0000-000000000006', 'description', 'STRING', 'Sous-famille du Niger-Congo avec plus de 500 langues. Langues parlées par les peuples issus de la migration Bantou en Afrique centrale, orientale et australe', NULL, NULL),
('d2000000-0003-0000-0000-000000000012', 'd2000000-0001-0000-0000-000000000007', 'description', 'STRING', 'Sous-famille du Niger-Congo, langues du Sahel occidental. Comprend le Bambara, le Dioula et le Soninké', NULL, NULL),
('d2000000-0003-0000-0000-000000000013', 'd2000000-0001-0000-0000-000000000008', 'description', 'STRING', 'Sous-famille du Niger-Congo en Afrique de l''Ouest côtière. Comprend le Yoruba, l''Igbo et l''Akan', NULL, NULL),
('d2000000-0003-0000-0000-000000000014', 'd2000000-0001-0000-0000-000000000014', 'description', 'STRING', 'Langue bantoue parlée en RDC, Congo-Brazzaville et Angola. Lingua franca de l''Afrique centrale avec plus de 40 millions de locuteurs', NULL, NULL),
('d2000000-0003-0000-0000-000000000015', 'd2000000-0001-0000-0000-000000000014', 'locuteurs', 'STRING', '40 millions', NULL, NULL),
('d2000000-0003-0000-0000-000000000016', 'd2000000-0001-0000-0000-000000000015', 'description', 'STRING', 'Langue bantoue et lingua franca de l''Afrique de l''Est. Langue officielle de la Tanzanie, du Kenya et de l''Ouganda', NULL, NULL),
('d2000000-0003-0000-0000-000000000017', 'd2000000-0001-0000-0000-000000000015', 'locuteurs', 'STRING', '200 millions', NULL, NULL),
('d2000000-0003-0000-0000-000000000018', 'd2000000-0001-0000-0000-000000000019', 'description', 'STRING', 'Langue Kwa parlée par plus de 50 millions de personnes au Nigeria, Bénin et Togo. L''une des langues africaines les plus parlées dans la diaspora', NULL, NULL),
('d2000000-0003-0000-0000-000000000019', 'd2000000-0001-0000-0000-000000000019', 'locuteurs', 'STRING', '50 millions', NULL, NULL),
('d2000000-0003-0000-0000-000000000020', 'd2000000-0001-0000-0000-000000000024', 'description', 'STRING', 'Langue sémitique officielle de l''Ethiopie, parlée par les Amhara. Héritière de l''Guèze, l''ancienne langue liturgique de l''Eglise orthodoxe éthiopienne', NULL, NULL),
('d2000000-0003-0000-0000-000000000021', 'd2000000-0001-0000-0000-000000000024', 'locuteurs', 'STRING', '25 millions', NULL, NULL),
('d2000000-0003-0000-0000-000000000022', 'd2000000-0001-0000-0000-000000000027', 'description', 'STRING', 'Langue tchadique la plus parlée d''Afrique. Lingua franca du Sahel avec plus de 80 millions de locuteurs au Nigeria, Niger et Tchad', NULL, NULL),
('d2000000-0003-0000-0000-000000000023', 'd2000000-0001-0000-0000-000000000027', 'locuteurs', 'STRING', '80 millions', NULL, NULL),
('d2000000-0003-0000-0000-000000000024', 'd2000000-0001-0000-0000-000000000028', 'description', 'STRING', 'Seule langue austronésienne d''Afrique. Apportée par des migrants indonésiens il y a 1500 ans à Madagascar, témoignage unique de la mondialisation antique', NULL, NULL);

INSERT INTO relationships (id, graph_id, from_id, to_id, type, start_date, end_date) VALUES
('d2000000-0002-0000-0000-000000000001', 'd2000000-0000-0000-0000-000000000001', 'd2000000-0001-0000-0000-000000000001', 'd2000000-0001-0000-0000-000000000006', 'CONTAINS', '1800-01-01 00:00:00', NULL),
('d2000000-0002-0000-0000-000000000002', 'd2000000-0000-0000-0000-000000000001', 'd2000000-0001-0000-0000-000000000001', 'd2000000-0001-0000-0000-000000000007', 'CONTAINS', '1800-01-01 00:00:00', NULL),
('d2000000-0002-0000-0000-000000000003', 'd2000000-0000-0000-0000-000000000001', 'd2000000-0001-0000-0000-000000000001', 'd2000000-0001-0000-0000-000000000008', 'CONTAINS', '1800-01-01 00:00:00', NULL),
('d2000000-0002-0000-0000-000000000004', 'd2000000-0000-0000-0000-000000000001', 'd2000000-0001-0000-0000-000000000001', 'd2000000-0001-0000-0000-000000000009', 'CONTAINS', '1800-01-01 00:00:00', NULL),
('d2000000-0002-0000-0000-000000000005', 'd2000000-0000-0000-0000-000000000001', 'd2000000-0001-0000-0000-000000000002', 'd2000000-0001-0000-0000-000000000010', 'CONTAINS', '1800-01-01 00:00:00', NULL),
('d2000000-0002-0000-0000-000000000006', 'd2000000-0000-0000-0000-000000000001', 'd2000000-0001-0000-0000-000000000002', 'd2000000-0001-0000-0000-000000000011', 'CONTAINS', '1800-01-01 00:00:00', NULL),
('d2000000-0002-0000-0000-000000000007', 'd2000000-0000-0000-0000-000000000001', 'd2000000-0001-0000-0000-000000000002', 'd2000000-0001-0000-0000-000000000012', 'CONTAINS', '1800-01-01 00:00:00', NULL),
('d2000000-0002-0000-0000-000000000008', 'd2000000-0000-0000-0000-000000000001', 'd2000000-0001-0000-0000-000000000002', 'd2000000-0001-0000-0000-000000000013', 'CONTAINS', '1800-01-01 00:00:00', NULL),
('d2000000-0002-0000-0000-000000000009', 'd2000000-0000-0000-0000-000000000001', 'd2000000-0001-0000-0000-000000000006', 'd2000000-0001-0000-0000-000000000014', 'CONTAINS', '1800-01-01 00:00:00', NULL),
('d2000000-0002-0000-0000-000000000010', 'd2000000-0000-0000-0000-000000000001', 'd2000000-0001-0000-0000-000000000006', 'd2000000-0001-0000-0000-000000000015', 'CONTAINS', '1800-01-01 00:00:00', NULL),
('d2000000-0002-0000-0000-000000000011', 'd2000000-0000-0000-0000-000000000001', 'd2000000-0001-0000-0000-000000000006', 'd2000000-0001-0000-0000-000000000016', 'CONTAINS', '1800-01-01 00:00:00', NULL),
('d2000000-0002-0000-0000-000000000012', 'd2000000-0000-0000-0000-000000000001', 'd2000000-0001-0000-0000-000000000006', 'd2000000-0001-0000-0000-000000000017', 'CONTAINS', '1800-01-01 00:00:00', NULL),
('d2000000-0002-0000-0000-000000000013', 'd2000000-0000-0000-0000-000000000001', 'd2000000-0001-0000-0000-000000000006', 'd2000000-0001-0000-0000-000000000018', 'CONTAINS', '1800-01-01 00:00:00', NULL),
('d2000000-0002-0000-0000-000000000014', 'd2000000-0000-0000-0000-000000000001', 'd2000000-0001-0000-0000-000000000008', 'd2000000-0001-0000-0000-000000000019', 'CONTAINS', '1800-01-01 00:00:00', NULL),
('d2000000-0002-0000-0000-000000000015', 'd2000000-0000-0000-0000-000000000001', 'd2000000-0001-0000-0000-000000000008', 'd2000000-0001-0000-0000-000000000020', 'CONTAINS', '1800-01-01 00:00:00', NULL),
('d2000000-0002-0000-0000-000000000016', 'd2000000-0000-0000-0000-000000000001', 'd2000000-0001-0000-0000-000000000008', 'd2000000-0001-0000-0000-000000000021', 'CONTAINS', '1800-01-01 00:00:00', NULL),
('d2000000-0002-0000-0000-000000000017', 'd2000000-0000-0000-0000-000000000001', 'd2000000-0001-0000-0000-000000000007', 'd2000000-0001-0000-0000-000000000022', 'CONTAINS', '1800-01-01 00:00:00', NULL),
('d2000000-0002-0000-0000-000000000018', 'd2000000-0000-0000-0000-000000000001', 'd2000000-0001-0000-0000-000000000009', 'd2000000-0001-0000-0000-000000000023', 'CONTAINS', '1800-01-01 00:00:00', NULL),
('d2000000-0002-0000-0000-000000000019', 'd2000000-0000-0000-0000-000000000001', 'd2000000-0001-0000-0000-000000000010', 'd2000000-0001-0000-0000-000000000024', 'CONTAINS', '1800-01-01 00:00:00', NULL),
('d2000000-0002-0000-0000-000000000020', 'd2000000-0000-0000-0000-000000000001', 'd2000000-0001-0000-0000-000000000010', 'd2000000-0001-0000-0000-000000000025', 'CONTAINS', '1800-01-01 00:00:00', NULL),
('d2000000-0002-0000-0000-000000000021', 'd2000000-0000-0000-0000-000000000001', 'd2000000-0001-0000-0000-000000000012', 'd2000000-0001-0000-0000-000000000026', 'CONTAINS', '1800-01-01 00:00:00', NULL),
('d2000000-0002-0000-0000-000000000022', 'd2000000-0000-0000-0000-000000000001', 'd2000000-0001-0000-0000-000000000013', 'd2000000-0001-0000-0000-000000000027', 'CONTAINS', '1800-01-01 00:00:00', NULL),
('d2000000-0002-0000-0000-000000000023', 'd2000000-0000-0000-0000-000000000001', 'd2000000-0001-0000-0000-000000000005', 'd2000000-0001-0000-0000-000000000028', 'CONTAINS', '1800-01-01 00:00:00', NULL);